model,accuracy,precision,recall,f1_score
rnn,0.216176,0.142964,0.12442,0.068487
lstm,0.225,0.054493,0.125328,0.053224
bilstm,0.257353,0.085829,0.20811,0.111102
