{
  "timestamp": "2026-04-20T08:25:40.997373",
  "training_config": {
    "epochs": 15,
    "batch_size": 64,
    "learning_rate": 0.001,
    "runs_per_model": 3
  },
  "models": {
    "rnn": {
      "runs": [
        {
          "accuracy": 0.216176,
          "precision": 0.142964,
          "recall": 0.12442,
          "f1_score": 0.068487,
          "confusion_matrix": [
            [
              0,
              39,
              7,
              1,
              0,
              0,
              0,
              0
            ],
            [
              0,
              133,
              16,
              1,
              0,
              3,
              0,
              1
            ],
            [
              0,
              100,
              10,
              1,
              0,
              3,
              0,
              0
            ],
            [
              0,
              68,
              7,
              0,
              0,
              0,
              0,
              0
            ],
            [
              0,
              49,
              0,
              0,
              0,
              0,
              0,
              0
            ],
            [
              0,
              75,
              8,
              1,
              0,
              3,
              0,
              0
            ],
            [
              0,
              45,
              4,
              0,
              0,
              0,
              0,
              0
            ],
            [
              0,
              92,
              6,
              3,
              0,
              3,
              0,
              1
            ]
          ]
        },
        {
          "accuracy": 0.225,
          "precision": 0.136366,
          "recall": 0.138957,
          "f1_score": 0.090904,
          "confusion_matrix": [
            [
              0,
              28,
              14,
              2,
              0,
              3,
              0,
              0
            ],
            [
              0,
              105,
              35,
              6,
              0,
              8,
              0,
              0
            ],
            [
              0,
              62,
              44,
              2,
              0,
              6,
              0,
              0
            ],
            [
              0,
              57,
              14,
              1,
              0,
              3,
              0,
              0
            ],
            [
              0,
              43,
              5,
              0,
              0,
              1,
              0,
              0
            ],
            [
              0,
              65,
              21,
              0,
              0,
              1,
              0,
              0
            ],
            [
              0,
              26,
              17,
              2,
              0,
              2,
              0,
              2
            ],
            [
              0,
              80,
              18,
              2,
              0,
              3,
              0,
              2
            ]
          ]
        },
        {
          "accuracy": 0.213235,
          "precision": 0.109355,
          "recall": 0.126062,
          "f1_score": 0.077539,
          "confusion_matrix": [
            [
              0,
              35,
              8,
              0,
              0,
              0,
              0,
              4
            ],
            [
              0,
              119,
              24,
              0,
              0,
              2,
              0,
              9
            ],
            [
              0,
              89,
              21,
              0,
              0,
              2,
              0,
              2
            ],
            [
              0,
              52,
              22,
              0,
              0,
              0,
              0,
              1
            ],
            [
              0,
              41,
              7,
              0,
              0,
              0,
              0,
              1
            ],
            [
              0,
              72,
              11,
              1,
              0,
              2,
              0,
              1
            ],
            [
              0,
              41,
              6,
              1,
              0,
              0,
              0,
              1
            ],
            [
              0,
              82,
              17,
              3,
              0,
              0,
              0,
              3
            ]
          ]
        }
      ],
      "avg_f1": 0.07897666666666667,
      "avg_accuracy": 0.21813700000000003,
      "avg_precision": 0.12956166666666666,
      "avg_recall": 0.12981299999999998,
      "num_runs": 3
    },
    "lstm": {
      "runs": [
        {
          "accuracy": 0.225,
          "precision": 0.054493,
          "recall": 0.125328,
          "f1_score": 0.053224,
          "confusion_matrix": [
            [
              0,
              45,
              2,
              0,
              0,
              0,
              0,
              0
            ],
            [
              0,
              149,
              5,
              0,
              0,
              0,
              0,
              0
            ],
            [
              0,
              110,
              4,
              0,
              0,
              0,
              0,
              0
            ],
            [
              0,
              74,
              1,
              0,
              0,
              0,
              0,
              0
            ],
            [
              0,
              48,
              1,
              0,
              0,
              0,
              0,
              0
            ],
            [
              0,
              83,
              4,
              0,
              0,
              0,
              0,
              0
            ],
            [
              0,
              48,
              1,
              0,
              0,
              0,
              0,
              0
            ],
            [
              0,
              104,
              1,
              0,
              0,
              0,
              0,
              0
            ]
          ]
        },
        {
          "accuracy": 0.226471,
          "precision": 0.028309,
          "recall": 0.125,
          "f1_score": 0.046163,