{
  "timestamp": "2026-04-20T08:38:04.262724",
  "training_config": {
    "epochs": 15,
    "batch_size": 64,
    "learning_rate": 0.001,
    "runs_per_model": 3
  },
  "models": {
    "rnn": {
      "runs": [
        {
          "accuracy": 0.202941,
          "precision": 0.108153,
          "recall": 0.136752,
          "f1_score": 0.112301,
          "confusion_matrix": [
            [
              0,
              22,
              10,
              4,
              2,
              3,
              0,
              6
            ],
            [
              0,
              91,
              17,
              10,
              3,
              16,
              1,
              16
            ],
            [
              0,
              60,
              16,
              21,
              1,
              12,
              0,
              4
            ],
            [
              0,
              33,
              19,
              11,
              1,
              7,
              0,
              4
            ],
            [
              0,
              32,
              4,
              0,
              0,
              5,
              0,
              8
            ],
            [
              0,
              43,
              11,
              11,
              3,
              13,
              1,
              5
            ],
            [
              0,
              19,
              9,
              8,
              1,
              7,
              0,
              5
            ],
            [
              0,
              63,
              10,
              15,
              2,
              8,
              0,
              7
            ]
          ]
        },
        {
          "accuracy": 0.191176,
          "precision": 0.159203,
          "recall": 0.126822,
          "f1_score": 0.101971,
          "confusion_matrix": [
            [
              1,
              17,
              13,
              9,
              2,
              3,
              0,
              2
            ],
            [
              0,
              84,
              27,
              21,
              0,
              13,
              1,
              8
            ],
            [
              1,
              49,
              28,
              20,
              3,
              10,
              2,
              1
            ],
            [
              0,
              36,
              20,
              8,
              0,
              6,
              1,
              4
            ],
            [
              0,
              29,
              12,
              2,
              0,
              5,
              0,
              1
            ],
            [
              0,
              50,
              23,
              5,
              1,
              5,
              0,
              3
            ],
            [
              0,
              16,
              18,
              9,
              0,
              4,
              0,
              2
            ],
            [
              0,
              70,
              19,
              5,
              2,
              5,
              0,
              4
            ]
          ]
        },
        {
          "accuracy": 0.2,
          "precision": 0.120709,
          "recall": 0.136819,
          "f1_score": 0.117572,
          "confusion_matrix": [
            [
              0,
              22,
              10,
              4,
              0,
              2,
              1,
              8
            ],
            [
              0,
              76,
              28,
              13,
              4,
              7,
              0,
              26
            ],
            [
              0,
              48,
              27,
              16,
              5,
              3,
              1,
              14
            ],
            [
              0,
              23,
              28,
              10,
              5,
              4,
              0,
              5
            ],
            [
              0,
              29,
              8,
              5,
              0,
              4,
              0,
              3
            ],
            [
              0,
              44,
              22,
              5,
              0,
              6,
              0,
              10
            ],
            [
              0,
              27,
              10,
              6,
              2,
              0,
              0,
              4
            ],
            [
              0,
              57,
              17,
              11,
              0,
              2,
              1,
              17
            ]
          ]
        }
      ],
      "avg_f1": 0.11061466666666668,
      "avg_accuracy": 0.198039,
      "avg_precision": 0.12935500000000003,
      "avg_recall": 0.13346433333333332,
      "num_runs": 3
    },
    "lstm": {
      "runs": [
        {
          "accuracy": 0.255882,
          "precision": 0.150267,
          "recall": 0.203396,
          "f1_score": 0.15925,
          "confusion_matrix": [
            [
              0,
              19,
              15,
              2,
              8,
              0,
              0,
              3
            ],
            [
              0,
              99,
              34,
              6,
              8,
              1,
              0,
              6
            ],
            [
              0,
              63,
              31,
              11,
              4,
              0,
              0,
              5
            ],
            [
              0,
              28,
              16,
              17,
              13,
              0,
              0,
              1
            ],
            [
              0,
              12,
              4,
              10,
              21,
              0,
              0,
              2
            ],
            [
              0,
              38,
              20,
              14,
              11,
              0,
              0,
              4
            ],
            [
              0,
              20,
              10,
              11,
              8,
              0,
              0,
              0
            ],
            [
              0,
              65,
              23,
              5,
              6,
              0,
              0,
              6
            ]
          ]
        },
        {
          "accuracy": 0.236765,
          "precision": 0.183121,
          "recall": 0.17608,
          "f1_score": 0.138164,